<?xml version="1.0" encoding="UTF-8"?>
<?xml-stylesheet type="text/xsl" href="configStylesheet.xslt"?>
<dataset xmlns:xsi="http://www.w3.org/2001/XMLSchema-instance" xsi:noNamespaceSchemaLocation="schema.xsd">
	<Categories>
		<Area1 ColorValue="993399">Order &amp; Item Entry</Area1>
		<Area2 ColorValue="336699">Adj. &amp; Screening</Area2>
		<Area3 ColorValue="336633">Dispensing &amp; QA</Area3>
		<Area4 ColorValue="996633">Patient Services</Area4>
	</Categories>
	<QuestionCard BoardArea="Area1">
		<Question>When these types of prescriptions are on the order, the information must be entered in Order Entry before moving on to Item Entry?</Question>
		<Answer>OTC and Refill</Answer>
	</QuestionCard>
	<QuestionCard BoardArea="Area1">
		<Question>The Ship Date will be populated based on what field?</Question>
		<Answer>Ship Method</Answer>
	</QuestionCard>
	<QuestionCard BoardArea="Area1">
		<Question>What is the default priority given to all orders?</Question>
		<Answer>5 (five)</Answer>
	</QuestionCard>
	<QuestionCard BoardArea="Area1">
		<Question>This must be selected to complete the order in Order Entry and move the order along in workflow?</Question>
		<Answer>Finished</Answer>
	</QuestionCard>
	<QuestionCard BoardArea="Area1">
		<Question>Which workflow step completes the scanning of images?</Question>
		<Answer>Order Entry</Answer>
	</QuestionCard>
	<QuestionCard BoardArea="Area1">
		<Question>Which menu option would you select if you want to refill a prescription by selecting from one of the prescriptions a patient is already taking?</Question>
		<Answer>List Rxs</Answer>
	</QuestionCard>
	<QuestionCard BoardArea="Area1">
		<Question>When adding a new prescription to an order, why would the system prompt you to search for a patient?</Question>
		<Answer>If there are multiple patients on the account, the specific patient must be selected.</Answer>
	</QuestionCard>
	<QuestionCard BoardArea="Area1">
		<Question>What is the difference between Delete and Delete Shipment?</Question>
		<Answer>Delete will delete the item that is currently selected. Delete Shipment will delete the entire order.</Answer>
	</QuestionCard>
	<QuestionCard BoardArea="Area1">
		<Question>If a customer call is initiated from Order Entry, where does the order get routed to?</Question>
		<Answer>Customer Call Queue</Answer>
	</QuestionCard>
	<QuestionCard BoardArea="Area1">
		<Question>This command for the Item Entry Main Screen allows you to select an item to refill by entering the Rx Number.</Question>
		<Answer>Add fill</Answer>
	</QuestionCard>
	<QuestionCard BoardArea="Area1">
		<Question>You would use this command from the Item Entry main screen to begin the data entry of a new prescription.</Question>
		<Answer>The Rx command</Answer>
	</QuestionCard>
	<QuestionCard BoardArea="Area1">
		<Question>This status on an order in any Work Queue means that another user is viewing the order.</Question>
		<Answer>Locked</Answer>
	</QuestionCard>
	<QuestionCard BoardArea="Area1">
		<Question>When an order is placed in Doctor Callback, what needs to happen to complete the order and move it along in workflow?</Question>
		<Answer>Doctor Callback must be closed.</Answer>
	</QuestionCard>
	<QuestionCard BoardArea="Area1">
		<Question>What number is Order Entry in the master menu?</Question>
		<Answer>2 (two)</Answer>
	</QuestionCard>
	<QuestionCard BoardArea="Area1">
		<Question>This command from Order Entry allows you to create an item for the customer call queue.</Question>
		<Answer>Customer Call</Answer>
	</QuestionCard>
	<QuestionCard BoardArea="Area1">
		<Question>What is the hot key to query for an item in the queue?</Question>
		<Answer>Press Q</Answer>
	</QuestionCard>
	<QuestionCard BoardArea="Area2">
		<Question>What does a Failed Claim with type H mean?</Question>
		<Answer>The claim failed because of the Claim Header.</Answer>
	</QuestionCard>
	<QuestionCard BoardArea="Area2">
		<Question>When menu option is selected to resubmit a claim?</Question>
		<Answer>Submit</Answer>
	</QuestionCard>
	<QuestionCard BoardArea="Area2">
		<Question>What does the Refill Too Soon menu option do?</Question>
		<Answer>Sends the order to the Hold queue with a future release date because it is too soon to refill the prescription.</Answer>
	</QuestionCard>
	<QuestionCard BoardArea="Area2">
		<Question>Which menu option allows you to change the Third Party Insurance for the order?</Question>
		<Answer>Payors</Answer>
	</QuestionCard>
	<QuestionCard BoardArea="Area2">
		<Question>The delete command from the Failed Claims queue only works for these type of failed transactions.</Question>
		<Answer>Reversals</Answer>
	</QuestionCard>
	<QuestionCard BoardArea="Area2">
		<Question>This specific section of a claim includes information such as the cardholder ID and your pharmacy NABP number.</Question>
		<Answer>Header</Answer>
	</QuestionCard>
	<QuestionCard BoardArea="Area2">
		<Question>What does a Failed Claim with type C mean?</Question>
		<Answer>The claim failed because of the Claim Details.</Answer>
	</QuestionCard>
	<QuestionCard BoardArea="Area2">
		<Question>What is a TAR?</Question>
		<Answer>California Medicaid Prior Authorization</Answer>
	</QuestionCard>
	<QuestionCard BoardArea="Area2">
		<Question>This command from the Screening menu will display contraindications on the highlighted Rx, such as a potential drug interaction or high dosing.</Question>
		<Answer>The DUR command</Answer>
	</QuestionCard>
	<QuestionCard BoardArea="Area2">
		<Question>Using this command from the Screening main screen will display a submenu which contains, among other commands, Split a Shipment.</Question>
		<Answer>Additional Options</Answer>
	</QuestionCard>
	<QuestionCard BoardArea="Area2">
		<Question>These are the functions that must be performed upon each new Rx.</Question>
		<Answer>Approve, DUR, Mark, and Finish</Answer>
	</QuestionCard>
	<QuestionCard BoardArea="Area2">
		<Question>These are the functions that must be performed upon each refill Rx.</Question>
		<Answer>DUR, Mark, and Finish</Answer>
	</QuestionCard>
	<QuestionCard BoardArea="Area3">
		<Question>What are the two types of dispensing that can occur?</Question>
		<Answer>Automated and Manual</Answer>
	</QuestionCard>
	<QuestionCard BoardArea="Area3">
		<Question>What queue does an order go to when there is not enough quantity in stock to complete the order?</Question>
		<Answer>Backorder Queue</Answer>
	</QuestionCard>
	<QuestionCard BoardArea="Area3">
		<Question>What menu option is selected to indicate that the prescription has been QA’d?</Question>
		<Answer>Quality Checked</Answer>
	</QuestionCard>
	<QuestionCard BoardArea="Area3">
		<Question>What is the name of one of the two most popular automated dispensing systems?</Question>
		<Answer>To ensure the proper drug, dosage and quantity was dispensed for the prescription.</Answer>
	</QuestionCard>
	<QuestionCard BoardArea="Area3">
		<Question>Who completes the QA step in the pharmacy?</Question>
		<Answer>The Pharmacist</Answer>
	</QuestionCard>
	<QuestionCard BoardArea="Area3">
		<Question>What menu option allows you to view the contras for a prescription from QA? </Question>
		<Answer>The DUR option</Answer>
	</QuestionCard>
	<QuestionCard BoardArea="Area3">
		<Question>Which command is selected from within Packing to designate that the item is packaged for shipping?</Question>
		<Answer>The Pack command</Answer>
	</QuestionCard>
	<QuestionCard BoardArea="Area3">
		<Question>What is the hot key for the Finished command?</Question>
		<Answer>Press F</Answer>
	</QuestionCard>
	<QuestionCard BoardArea="Area3">
		<Question>What menu option accesses QA?</Question>
		<Answer>8 (eight)</Answer>
	</QuestionCard>
	<QuestionCard BoardArea="Area3">
		<Question>If an item is rejected in the Auto-Dispenser and you want to send the order to the auto-dispenser to try again, which option do you select?</Question>
		<Answer>Re-Send</Answer>
	</QuestionCard>
	<QuestionCard BoardArea="Area3">
		<Question>What command would you select to mark all prescriptions in an order as dispensed?</Question>
		<Answer>Dispense All</Answer>
	</QuestionCard>
	<QuestionCard BoardArea="Area4">
		<Question>What are the 3 methods for searching for a patient in the Patient Services window?</Question>
		<Answer>Query, Query by Rx, and Patient Address Query</Answer>
	</QuestionCard>
	<QuestionCard BoardArea="Area4">
		<Question>What option from the Patient Services screen will allow you to check on orders in the system for the patient?</Question>
		<Answer>Account Options</Answer>
	</QuestionCard>
	<QuestionCard BoardArea="Area4">
		<Question>What is the hot key for checking the Patient Services queue?</Question>
		<Answer>Press K</Answer>
	</QuestionCard>
	<QuestionCard BoardArea="Area4">
		<Question>True/False: An order cannot be initiated from Patient Services.</Question>
		<Answer>False</Answer>
	</QuestionCard>
	<QuestionCard BoardArea="Area4">
		<Question>This option from Patient Services would be used if you needed to give a customer the cost of their prescription without filling the prescription.</Question>
		<Answer>The Quote option</Answer>
	</QuestionCard>
	<QuestionCard BoardArea="Area4">
		<Question>What is the difference between the Patient Log and Patient Comments?</Question>
		<Answer>The Patient Log will store the history of each entry with the user, date and time stamp. Comments are updated with each new entry and no history is maintained.</Answer>
	</QuestionCard>
	<QuestionCard BoardArea="Area4">
		<Question>Which option in Patient Services allows you to indicate that the patient has signed the Privacy Policy? </Question>
		<Answer>Patient Acknowledgement Log</Answer>
	</QuestionCard>
	<QuestionCard BoardArea="Area4">
		<Question>The ledger of a patients account will only list the balance for orders in what status?</Question>
		<Answer>Finished</Answer>
	</QuestionCard>
	<QuestionCard BoardArea="Area4">
		<Question>From Patient Services, what steps would you complete to determine where an order is in workflow?</Question>
		<Answer>Account Options / Account Orders / Shipments</Answer>
	</QuestionCard>
	<QuestionCard BoardArea="Area4">
		<Question>What menu option is used to determine what workflow steps an order has previously passed through for a patient?</Question>
		<Answer>Production History</Answer>
	</QuestionCard>
	<QuestionCard BoardArea="Area4">
		<Question>If a patient is brand new to your facility, what option is used to add them to MailRx?</Question>
		<Answer>Add Account</Answer>
	</QuestionCard>
	<QuestionCard BoardArea="Area4">
		<Question>If a patient is new to your facility, but their parent is already a patient, what option is used to add them to MailRx?</Question>
		<Answer>Add Patient</Answer>
	</QuestionCard>
	<RxEventCard>
		<TopText>Your pharmacy’s automated dispenser just went down for scheduled maintenance.</TopText>
		<BottomText>Move your flag back two squares.</BottomText>
	</RxEventCard>
	<RxEventCard>
		<TopText>Your pharmacy is growing and has decided to open another distribution center to help handle all the orders coming in.</TopText>
		<BottomText>Move your flag forward one square and move any other team’s flag back one square.</BottomText>
	</RxEventCard>
	<RxEventCard>
		<TopText>Inventory has arrived. You can now process all the orders waiting in the Backorder queue.</TopText>
		<BottomText>Move your flag forward two squares. Choose a team ahead of you. Move their flag back two squares.</BottomText>
	</RxEventCard>
	<RxEventCard>
		<TopText>There is a flu epidemic in the area, your pharmacy employees were affected and you are now short staffed for the day.</TopText>
		<BottomText>Move your flag back three squares.</BottomText>
	</RxEventCard>
	<RxEventCard>
		<TopText>You have just upgraded your MailRx system and added an API to the automatically place orders in Order Entry from the IVR and web systems.</TopText>
		<BottomText>Move your flag forward three squares.</BottomText>
	</RxEventCard>
	<RxEventCard>
		<TopText>A blizzard has just hit your small town and UPS cannot make it to pick up your packages that must go out.</TopText>
		<BottomText>Move your flag back one square.</BottomText>
	</RxEventCard>
	<RxEventCard>
		<TopText>The RxIntake tech added a new patient incorrectly that was already in the system and a Patient Merge is needed.</TopText>
		<BottomText>Move your flag back two squares.</BottomText>
	</RxEventCard>
	<RxEventCard>
		<TopText>Your pharmacy has decided to receive additional training on your new system, giving you an edge over the competition.</TopText>
		<BottomText>Move your flag forward two squares and move every other team’s flag back one square.</BottomText>
	</RxEventCard>
	<RxEventCard>
		<TopText>Your pharmacy has just added a new specialty drug increasing your business and workload.</TopText>
		<BottomText>Move your flag back one square.</BottomText>
	</RxEventCard>
	<RxEventCard>
		<TopText>In QA, the Pharmacist discovers an incorrect pill count.</TopText>
		<BottomText>Move your flag back two squares.</BottomText>
	</RxEventCard>
	<RxEventCard>
		<TopText>Your pharmacy has added a new warehouse.</TopText>
		<BottomText>Move your flag forward one square and any other team’s flag back one square.</BottomText>
	</RxEventCard>
	<RxEventCard>
		<TopText>A marketing campaign to a new benefit group has increased your customer base.</TopText>
		<BottomText>Move your flag forward two squares.</BottomText>
	</RxEventCard>
	<RxEventCard>
		<TopText>Your pharmacy purchased MailRx to increase efficiency, reduce costs and increase accuracy.</TopText>
		<BottomText>Move your flag forward two squares. Choose a team ahead of you and move their flag back two squares.</BottomText>
	</RxEventCard>
</dataset>
