<?xml version="1.0" encoding="UTF-8"?>
<?xml-stylesheet type="text/xsl" href="globalFileStylesheet.xslt"?>
<dataset xmlns:xsi="http://www.w3.org/2001/XMLSchema-instance" xsi:noNamespaceSchemaLocation="globalSchema.xsd">
	<ConfigFiles>
		<item file="config.xml" label="EnterpriseRx"></item>
		<item file="config_mail_rx_01.xml" label="MailRx"></item>
	</ConfigFiles>
	<Themes>
		<item file="standard.swf" label="EnterpriseRx"></item>
		<item file="mail_rx_01.swf" label="MailRx"></item>
	</Themes>
</dataset>
